--
-- PostgreSQL database dump
--

-- Dumped from database version 9.4.0
-- Dumped by pg_dump version 9.4.0
-- Started on 2017-03-29 17:22:07 BRT

SET statement_timeout = 0;
SET lock_timeout = 0;
SET client_encoding = 'UTF8';
SET standard_conforming_strings = on;
SET check_function_bodies = false;
SET client_min_messages = warning;

--
-- TOC entry 218 (class 3079 OID 12123)
-- Name: plpgsql; Type: EXTENSION; Schema: -; Owner: 
--

CREATE EXTENSION IF NOT EXISTS plpgsql WITH SCHEMA pg_catalog;


--
-- TOC entry 2582 (class 0 OID 0)
-- Dependencies: 218
-- Name: EXTENSION plpgsql; Type: COMMENT; Schema: -; Owner: 
--

COMMENT ON EXTENSION plpgsql IS 'PL/pgSQL procedural language';


SET search_path = public, pg_catalog;

SET default_tablespace = '';

SET default_with_oids = false;

--
-- TOC entry 213 (class 1259 OID 68478)
-- Name: itm_boleto; Type: TABLE; Schema: public; Owner: radius; Tablespace: 
--

CREATE TABLE itm_boleto (
    id integer NOT NULL,
    id_contrato integer,
    valor numeric,
    data_vencimento date,
    data_criacao timestamp without time zone,
    status character varying
);


ALTER TABLE itm_boleto OWNER TO radius;

--
-- TOC entry 212 (class 1259 OID 68476)
-- Name: itm_boleto_id_seq; Type: SEQUENCE; Schema: public; Owner: radius
--

CREATE SEQUENCE itm_boleto_id_seq
    START WITH 1
    INCREMENT BY 1
    NO MINVALUE
    NO MAXVALUE
    CACHE 1;


ALTER TABLE itm_boleto_id_seq OWNER TO radius;

--
-- TOC entry 2583 (class 0 OID 0)
-- Dependencies: 212
-- Name: itm_boleto_id_seq; Type: SEQUENCE OWNED BY; Schema: public; Owner: radius
--

ALTER SEQUENCE itm_boleto_id_seq OWNED BY itm_boleto.id;


--
-- TOC entry 215 (class 1259 OID 68494)
-- Name: itm_boleto_lancamento; Type: TABLE; Schema: public; Owner: radius; Tablespace: 
--

CREATE TABLE itm_boleto_lancamento (
    id integer NOT NULL,
    id_lancamento integer,
    id_boleto integer
);


ALTER TABLE itm_boleto_lancamento OWNER TO radius;

--
-- TOC entry 214 (class 1259 OID 68492)
-- Name: itm_boleto_lancamento_id_seq; Type: SEQUENCE; Schema: public; Owner: radius
--

CREATE SEQUENCE itm_boleto_lancamento_id_seq
    START WITH 1
    INCREMENT BY 1
    NO MINVALUE
    NO MAXVALUE
    CACHE 1;


ALTER TABLE itm_boleto_lancamento_id_seq OWNER TO radius;

--
-- TOC entry 2584 (class 0 OID 0)
-- Dependencies: 214
-- Name: itm_boleto_lancamento_id_seq; Type: SEQUENCE OWNED BY; Schema: public; Owner: radius
--

ALTER SEQUENCE itm_boleto_lancamento_id_seq OWNED BY itm_boleto_lancamento.id;


--
-- TOC entry 189 (class 1259 OID 59782)
-- Name: itm_cliente; Type: TABLE; Schema: public; Owner: radius; Tablespace: 
--

CREATE TABLE itm_cliente (
    id integer NOT NULL,
    nome character varying,
    email character varying,
    endereco character varying,
    username character varying,
    telefone_celular character varying,
    telefone_fixo character varying,
    cpf_cnpj character varying,
    tipo_pessoa character varying,
    cep character varying,
    data_criacao timestamp without time zone DEFAULT now(),
    data_exclusao timestamp without time zone,
    bairro character varying,
    numero_endereco character varying,
    uf character varying
);


ALTER TABLE itm_cliente OWNER TO radius;

--
-- TOC entry 188 (class 1259 OID 59780)
-- Name: itm_cliente_id_seq; Type: SEQUENCE; Schema: public; Owner: radius
--

CREATE SEQUENCE itm_cliente_id_seq
    START WITH 1
    INCREMENT BY 1
    NO MINVALUE
    NO MAXVALUE
    CACHE 1;


ALTER TABLE itm_cliente_id_seq OWNER TO radius;

--
-- TOC entry 2585 (class 0 OID 0)
-- Dependencies: 188
-- Name: itm_cliente_id_seq; Type: SEQUENCE OWNED BY; Schema: public; Owner: radius
--

ALTER SEQUENCE itm_cliente_id_seq OWNED BY itm_cliente.id;


--
-- TOC entry 199 (class 1259 OID 68346)
-- Name: itm_conta_corrente; Type: TABLE; Schema: public; Owner: radius; Tablespace: 
--

CREATE TABLE itm_conta_corrente (
    id integer NOT NULL,
    nome character varying,
    banco character varying,
    numero_conta_corrente character varying,
    numero_agencia character varying,
    numero_carteira character varying,
    nosso_numero character varying,
    digito_nosso_numero character varying,
    digito_conta_corrente character varying
);


ALTER TABLE itm_conta_corrente OWNER TO radius;

--
-- TOC entry 198 (class 1259 OID 68344)
-- Name: itm_conta_corrente_id_seq; Type: SEQUENCE; Schema: public; Owner: radius
--

CREATE SEQUENCE itm_conta_corrente_id_seq
    START WITH 1
    INCREMENT BY 1
    NO MINVALUE
    NO MAXVALUE
    CACHE 1;


ALTER TABLE itm_conta_corrente_id_seq OWNER TO radius;

--
-- TOC entry 2586 (class 0 OID 0)
-- Dependencies: 198
-- Name: itm_conta_corrente_id_seq; Type: SEQUENCE OWNED BY; Schema: public; Owner: radius
--

ALTER SEQUENCE itm_conta_corrente_id_seq OWNED BY itm_conta_corrente.id;


--
-- TOC entry 203 (class 1259 OID 68378)
-- Name: itm_contrato; Type: TABLE; Schema: public; Owner: radius; Tablespace: 
--

CREATE TABLE itm_contrato (
    id integer NOT NULL,
    id_cliente integer,
    identificador character varying,
    id_conta_corrente integer,
    gera_boleto boolean,
    dia_mes_vencimento integer,
    data_criacao timestamp without time zone DEFAULT now(),
    data_exclusao timestamp without time zone
);


ALTER TABLE itm_contrato OWNER TO radius;

--
-- TOC entry 217 (class 1259 OID 68633)
-- Name: itm_contrato_autenticacao; Type: TABLE; Schema: public; Owner: radius; Tablespace: 
--

CREATE TABLE itm_contrato_autenticacao (
    id integer NOT NULL,
    id_contrato integer,
    username character varying,
    data_criacao timestamp without time zone DEFAULT now()
);


ALTER TABLE itm_contrato_autenticacao OWNER TO radius;

--
-- TOC entry 216 (class 1259 OID 68631)
-- Name: itm_contrato_autenticacao_id_seq; Type: SEQUENCE; Schema: public; Owner: radius
--

CREATE SEQUENCE itm_contrato_autenticacao_id_seq
    START WITH 1
    INCREMENT BY 1
    NO MINVALUE
    NO MAXVALUE
    CACHE 1;


ALTER TABLE itm_contrato_autenticacao_id_seq OWNER TO radius;

--
-- TOC entry 2587 (class 0 OID 0)
-- Dependencies: 216
-- Name: itm_contrato_autenticacao_id_seq; Type: SEQUENCE OWNED BY; Schema: public; Owner: radius
--

ALTER SEQUENCE itm_contrato_autenticacao_id_seq OWNED BY itm_contrato_autenticacao.id;


--
-- TOC entry 209 (class 1259 OID 68435)
-- Name: itm_contrato_equipamento; Type: TABLE; Schema: public; Owner: radius; Tablespace: 
--

CREATE TABLE itm_contrato_equipamento (
    id integer NOT NULL,
    id_contrato integer,
    id_equipamento integer,
    data_criacao timestamp without time zone DEFAULT now(),
    data_exclusao timestamp without time zone,
    numero_serie character varying
);


ALTER TABLE itm_contrato_equipamento OWNER TO radius;

--
-- TOC entry 208 (class 1259 OID 68433)
-- Name: itm_contrato_equipamento_id_seq; Type: SEQUENCE; Schema: public; Owner: radius
--

CREATE SEQUENCE itm_contrato_equipamento_id_seq
    START WITH 1
    INCREMENT BY 1
    NO MINVALUE
    NO MAXVALUE
    CACHE 1;


ALTER TABLE itm_contrato_equipamento_id_seq OWNER TO radius;

--
-- TOC entry 2588 (class 0 OID 0)
-- Dependencies: 208
-- Name: itm_contrato_equipamento_id_seq; Type: SEQUENCE OWNED BY; Schema: public; Owner: radius
--

ALTER SEQUENCE itm_contrato_equipamento_id_seq OWNED BY itm_contrato_equipamento.id;


--
-- TOC entry 207 (class 1259 OID 68416)
-- Name: itm_contrato_grupo; Type: TABLE; Schema: public; Owner: radius; Tablespace: 
--

CREATE TABLE itm_contrato_grupo (
    id integer NOT NULL,
    id_contrato integer,
    id_grupo integer,
    data_criacao timestamp without time zone DEFAULT now(),
    data_exclusao timestamp without time zone
);


ALTER TABLE itm_contrato_grupo OWNER TO radius;

--
-- TOC entry 206 (class 1259 OID 68414)
-- Name: itm_contrato_grupo_id_seq; Type: SEQUENCE; Schema: public; Owner: radius
--

CREATE SEQUENCE itm_contrato_grupo_id_seq
    START WITH 1
    INCREMENT BY 1
    NO MINVALUE
    NO MAXVALUE
    CACHE 1;


ALTER TABLE itm_contrato_grupo_id_seq OWNER TO radius;

--
-- TOC entry 2589 (class 0 OID 0)
-- Dependencies: 206
-- Name: itm_contrato_grupo_id_seq; Type: SEQUENCE OWNED BY; Schema: public; Owner: radius
--

ALTER SEQUENCE itm_contrato_grupo_id_seq OWNED BY itm_contrato_grupo.id;


--
-- TOC entry 202 (class 1259 OID 68376)
-- Name: itm_contrato_id_seq; Type: SEQUENCE; Schema: public; Owner: radius
--

CREATE SEQUENCE itm_contrato_id_seq
    START WITH 1
    INCREMENT BY 1
    NO MINVALUE
    NO MAXVALUE
    CACHE 1;


ALTER TABLE itm_contrato_id_seq OWNER TO radius;

--
-- TOC entry 2590 (class 0 OID 0)
-- Dependencies: 202
-- Name: itm_contrato_id_seq; Type: SEQUENCE OWNED BY; Schema: public; Owner: radius
--

ALTER SEQUENCE itm_contrato_id_seq OWNED BY itm_contrato.id;


--
-- TOC entry 211 (class 1259 OID 68457)
-- Name: itm_contrato_lancamento; Type: TABLE; Schema: public; Owner: radius; Tablespace: 
--

CREATE TABLE itm_contrato_lancamento (
    id integer NOT NULL,
    id_contrato integer,
    tipo_lancamento character varying,
    valor numeric,
    data_lancamento timestamp without time zone,
    status character varying,
    descricao character varying
);


ALTER TABLE itm_contrato_lancamento OWNER TO radius;

--
-- TOC entry 210 (class 1259 OID 68455)
-- Name: itm_contrato_lancamento_id_seq; Type: SEQUENCE; Schema: public; Owner: radius
--

CREATE SEQUENCE itm_contrato_lancamento_id_seq
    START WITH 1
    INCREMENT BY 1
    NO MINVALUE
    NO MAXVALUE
    CACHE 1;


ALTER TABLE itm_contrato_lancamento_id_seq OWNER TO radius;

--
-- TOC entry 2591 (class 0 OID 0)
-- Dependencies: 210
-- Name: itm_contrato_lancamento_id_seq; Type: SEQUENCE OWNED BY; Schema: public; Owner: radius
--

ALTER SEQUENCE itm_contrato_lancamento_id_seq OWNED BY itm_contrato_lancamento.id;


--
-- TOC entry 205 (class 1259 OID 68394)
-- Name: itm_contrato_produto; Type: TABLE; Schema: public; Owner: radius; Tablespace: 
--

CREATE TABLE itm_contrato_produto (
    id integer NOT NULL,
    id_contrato integer,
    id_produto integer,
    valor numeric,
    valor_base numeric,
    data_criacao timestamp without time zone,
    data_exclusao timestamp without time zone,
    data_inicio timestamp without time zone,
    data_fim timestamp without time zone
);


ALTER TABLE itm_contrato_produto OWNER TO radius;

--
-- TOC entry 204 (class 1259 OID 68392)
-- Name: itm_contrato_produto_id_seq; Type: SEQUENCE; Schema: public; Owner: radius
--

CREATE SEQUENCE itm_contrato_produto_id_seq
    START WITH 1
    INCREMENT BY 1
    NO MINVALUE
    NO MAXVALUE
    CACHE 1;


ALTER TABLE itm_contrato_produto_id_seq OWNER TO radius;

--
-- TOC entry 2592 (class 0 OID 0)
-- Dependencies: 204
-- Name: itm_contrato_produto_id_seq; Type: SEQUENCE OWNED BY; Schema: public; Owner: radius
--

ALTER SEQUENCE itm_contrato_produto_id_seq OWNED BY itm_contrato_produto.id;


--
-- TOC entry 193 (class 1259 OID 59812)
-- Name: itm_equipamento; Type: TABLE; Schema: public; Owner: radius; Tablespace: 
--

CREATE TABLE itm_equipamento (
    id integer NOT NULL,
    nome character varying
);


ALTER TABLE itm_equipamento OWNER TO radius;

--
-- TOC entry 192 (class 1259 OID 59810)
-- Name: itm_equipamento_id_seq; Type: SEQUENCE; Schema: public; Owner: radius
--

CREATE SEQUENCE itm_equipamento_id_seq
    START WITH 1
    INCREMENT BY 1
    NO MINVALUE
    NO MAXVALUE
    CACHE 1;


ALTER TABLE itm_equipamento_id_seq OWNER TO radius;

--
-- TOC entry 2593 (class 0 OID 0)
-- Dependencies: 192
-- Name: itm_equipamento_id_seq; Type: SEQUENCE OWNED BY; Schema: public; Owner: radius
--

ALTER SEQUENCE itm_equipamento_id_seq OWNED BY itm_equipamento.id;


--
-- TOC entry 191 (class 1259 OID 59793)
-- Name: itm_grupo; Type: TABLE; Schema: public; Owner: radius; Tablespace: 
--

CREATE TABLE itm_grupo (
    id integer NOT NULL,
    nome character varying
);


ALTER TABLE itm_grupo OWNER TO radius;

--
-- TOC entry 190 (class 1259 OID 59791)
-- Name: itm_grupo_id_seq; Type: SEQUENCE; Schema: public; Owner: radius
--

CREATE SEQUENCE itm_grupo_id_seq
    START WITH 1
    INCREMENT BY 1
    NO MINVALUE
    NO MAXVALUE
    CACHE 1;


ALTER TABLE itm_grupo_id_seq OWNER TO radius;

--
-- TOC entry 2594 (class 0 OID 0)
-- Dependencies: 190
-- Name: itm_grupo_id_seq; Type: SEQUENCE OWNED BY; Schema: public; Owner: radius
--

ALTER SEQUENCE itm_grupo_id_seq OWNED BY itm_grupo.id;


--
-- TOC entry 201 (class 1259 OID 68362)
-- Name: itm_grupo_parametro; Type: TABLE; Schema: public; Owner: radius; Tablespace: 
--

CREATE TABLE itm_grupo_parametro (
    id integer NOT NULL,
    id_grupo integer,
    propriedade character varying,
    operador character varying,
    valor character varying
);


ALTER TABLE itm_grupo_parametro OWNER TO radius;

--
-- TOC entry 200 (class 1259 OID 68360)
-- Name: itm_grupo_parametro_id_seq; Type: SEQUENCE; Schema: public; Owner: radius
--

CREATE SEQUENCE itm_grupo_parametro_id_seq
    START WITH 1
    INCREMENT BY 1
    NO MINVALUE
    NO MAXVALUE
    CACHE 1;


ALTER TABLE itm_grupo_parametro_id_seq OWNER TO radius;

--
-- TOC entry 2595 (class 0 OID 0)
-- Dependencies: 200
-- Name: itm_grupo_parametro_id_seq; Type: SEQUENCE OWNED BY; Schema: public; Owner: radius
--

ALTER SEQUENCE itm_grupo_parametro_id_seq OWNED BY itm_grupo_parametro.id;


--
-- TOC entry 197 (class 1259 OID 68335)
-- Name: itm_parametro; Type: TABLE; Schema: public; Owner: radius; Tablespace: 
--

CREATE TABLE itm_parametro (
    id integer NOT NULL,
    nome_empresa character varying,
    cnpj character varying
);


ALTER TABLE itm_parametro OWNER TO radius;

--
-- TOC entry 196 (class 1259 OID 68333)
-- Name: itm_parametro_id_seq; Type: SEQUENCE; Schema: public; Owner: radius
--

CREATE SEQUENCE itm_parametro_id_seq
    START WITH 1
    INCREMENT BY 1
    NO MINVALUE
    NO MAXVALUE
    CACHE 1;


ALTER TABLE itm_parametro_id_seq OWNER TO radius;

--
-- TOC entry 2596 (class 0 OID 0)
-- Dependencies: 196
-- Name: itm_parametro_id_seq; Type: SEQUENCE OWNED BY; Schema: public; Owner: radius
--

ALTER SEQUENCE itm_parametro_id_seq OWNED BY itm_parametro.id;


--
-- TOC entry 195 (class 1259 OID 67862)
-- Name: itm_produto; Type: TABLE; Schema: public; Owner: radius; Tablespace: 
--

CREATE TABLE itm_produto (
    id integer NOT NULL,
    nome character varying,
    data_inicio timestamp without time zone,
    data_fim timestamp without time zone,
    valor numeric,
    tipo character varying
);


ALTER TABLE itm_produto OWNER TO radius;

--
-- TOC entry 194 (class 1259 OID 67860)
-- Name: itm_produto_id_seq; Type: SEQUENCE; Schema: public; Owner: radius
--

CREATE SEQUENCE itm_produto_id_seq
    START WITH 1
    INCREMENT BY 1
    NO MINVALUE
    NO MAXVALUE
    CACHE 1;


ALTER TABLE itm_produto_id_seq OWNER TO radius;

--
-- TOC entry 2597 (class 0 OID 0)
-- Dependencies: 194
-- Name: itm_produto_id_seq; Type: SEQUENCE OWNED BY; Schema: public; Owner: radius
--

ALTER SEQUENCE itm_produto_id_seq OWNED BY itm_produto.id;


--
-- TOC entry 187 (class 1259 OID 59768)
-- Name: nas; Type: TABLE; Schema: public; Owner: postgres; Tablespace: 
--

CREATE TABLE nas (
    id integer NOT NULL,
    nasname text NOT NULL,
    shortname text NOT NULL,
    type text DEFAULT 'other'::text NOT NULL,
    ports integer,
    secret text NOT NULL,
    server text,
    community text,
    description text
);


ALTER TABLE nas OWNER TO postgres;

--
-- TOC entry 186 (class 1259 OID 59766)
-- Name: nas_id_seq; Type: SEQUENCE; Schema: public; Owner: postgres
--

CREATE SEQUENCE nas_id_seq
    START WITH 1
    INCREMENT BY 1
    NO MINVALUE
    NO MAXVALUE
    CACHE 1;


ALTER TABLE nas_id_seq OWNER TO postgres;

--
-- TOC entry 2598 (class 0 OID 0)
-- Dependencies: 186
-- Name: nas_id_seq; Type: SEQUENCE OWNED BY; Schema: public; Owner: postgres
--

ALTER SEQUENCE nas_id_seq OWNED BY nas.id;


--
-- TOC entry 173 (class 1259 OID 59661)
-- Name: radacct; Type: TABLE; Schema: public; Owner: postgres; Tablespace: 
--

CREATE TABLE radacct (
    radacctid bigint NOT NULL,
    acctsessionid text NOT NULL,
    acctuniqueid text NOT NULL,
    username text,
    groupname text,
    realm text,
    nasipaddress inet NOT NULL,
    nasportid text,
    nasporttype text,
    acctstarttime timestamp with time zone,
    acctupdatetime timestamp with time zone,
    acctstoptime timestamp with time zone,
    acctinterval bigint,
    acctsessiontime bigint,
    acctauthentic text,
    connectinfo_start text,
    connectinfo_stop text,
    acctinputoctets bigint,
    acctoutputoctets bigint,
    calledstationid text,
    callingstationid text,
    acctterminatecause text,
    servicetype text,
    framedprotocol text,
    framedipaddress inet
);


ALTER TABLE radacct OWNER TO postgres;

--
-- TOC entry 172 (class 1259 OID 59659)
-- Name: radacct_radacctid_seq; Type: SEQUENCE; Schema: public; Owner: postgres
--

CREATE SEQUENCE radacct_radacctid_seq
    START WITH 1
    INCREMENT BY 1
    NO MINVALUE
    NO MAXVALUE
    CACHE 1;


ALTER TABLE radacct_radacctid_seq OWNER TO postgres;

--
-- TOC entry 2599 (class 0 OID 0)
-- Dependencies: 172
-- Name: radacct_radacctid_seq; Type: SEQUENCE OWNED BY; Schema: public; Owner: postgres
--

ALTER SEQUENCE radacct_radacctid_seq OWNED BY radacct.radacctid;


--
-- TOC entry 175 (class 1259 OID 59677)
-- Name: radcheck; Type: TABLE; Schema: public; Owner: postgres; Tablespace: 
--

CREATE TABLE radcheck (
    id integer NOT NULL,
    username text DEFAULT ''::text NOT NULL,
    attribute text DEFAULT ''::text NOT NULL,
    op character varying(2) DEFAULT '=='::character varying NOT NULL,
    value text DEFAULT ''::text NOT NULL
);


ALTER TABLE radcheck OWNER TO postgres;

--
-- TOC entry 174 (class 1259 OID 59675)
-- Name: radcheck_id_seq; Type: SEQUENCE; Schema: public; Owner: postgres
--

CREATE SEQUENCE radcheck_id_seq
    START WITH 1
    INCREMENT BY 1
    NO MINVALUE
    NO MAXVALUE
    CACHE 1;


ALTER TABLE radcheck_id_seq OWNER TO postgres;

--
-- TOC entry 2600 (class 0 OID 0)
-- Dependencies: 174
-- Name: radcheck_id_seq; Type: SEQUENCE OWNED BY; Schema: public; Owner: postgres
--

ALTER SEQUENCE radcheck_id_seq OWNED BY radcheck.id;


--
-- TOC entry 177 (class 1259 OID 59693)
-- Name: radgroupcheck; Type: TABLE; Schema: public; Owner: postgres; Tablespace: 
--

CREATE TABLE radgroupcheck (
    id integer NOT NULL,
    groupname text DEFAULT ''::text NOT NULL,
    attribute text DEFAULT ''::text NOT NULL,
    op character varying(2) DEFAULT '=='::character varying NOT NULL,
    value text DEFAULT ''::text NOT NULL
);


ALTER TABLE radgroupcheck OWNER TO postgres;

--
-- TOC entry 176 (class 1259 OID 59691)
-- Name: radgroupcheck_id_seq; Type: SEQUENCE; Schema: public; Owner: postgres
--

CREATE SEQUENCE radgroupcheck_id_seq
    START WITH 1
    INCREMENT BY 1
    NO MINVALUE
    NO MAXVALUE
    CACHE 1;


ALTER TABLE radgroupcheck_id_seq OWNER TO postgres;

--
-- TOC entry 2601 (class 0 OID 0)
-- Dependencies: 176
-- Name: radgroupcheck_id_seq; Type: SEQUENCE OWNED BY; Schema: public; Owner: postgres
--

ALTER SEQUENCE radgroupcheck_id_seq OWNED BY radgroupcheck.id;


--
-- TOC entry 179 (class 1259 OID 59709)
-- Name: radgroupreply; Type: TABLE; Schema: public; Owner: postgres; Tablespace: 
--

CREATE TABLE radgroupreply (
    id integer NOT NULL,
    groupname text DEFAULT ''::text NOT NULL,
    attribute text DEFAULT ''::text NOT NULL,
    op character varying(2) DEFAULT '='::character varying NOT NULL,
    value text DEFAULT ''::text NOT NULL
);


ALTER TABLE radgroupreply OWNER TO postgres;

--
-- TOC entry 178 (class 1259 OID 59707)
-- Name: radgroupreply_id_seq; Type: SEQUENCE; Schema: public; Owner: postgres
--

CREATE SEQUENCE radgroupreply_id_seq
    START WITH 1
    INCREMENT BY 1
    NO MINVALUE
    NO MAXVALUE
    CACHE 1;


ALTER TABLE radgroupreply_id_seq OWNER TO postgres;

--
-- TOC entry 2602 (class 0 OID 0)
-- Dependencies: 178
-- Name: radgroupreply_id_seq; Type: SEQUENCE OWNED BY; Schema: public; Owner: postgres
--

ALTER SEQUENCE radgroupreply_id_seq OWNED BY radgroupreply.id;


--
-- TOC entry 185 (class 1259 OID 59756)
-- Name: radpostauth; Type: TABLE; Schema: public; Owner: postgres; Tablespace: 
--

CREATE TABLE radpostauth (
    id bigint NOT NULL,
    username text NOT NULL,
    pass text,
    reply text,
    calledstationid text,
    callingstationid text,
    authdate timestamp with time zone DEFAULT now() NOT NULL
);


ALTER TABLE radpostauth OWNER TO postgres;

--
-- TOC entry 184 (class 1259 OID 59754)
-- Name: radpostauth_id_seq; Type: SEQUENCE; Schema: public; Owner: postgres
--

CREATE SEQUENCE radpostauth_id_seq
    START WITH 1
    INCREMENT BY 1
    NO MINVALUE
    NO MAXVALUE
    CACHE 1;


ALTER TABLE radpostauth_id_seq OWNER TO postgres;

--
-- TOC entry 2603 (class 0 OID 0)
-- Dependencies: 184
-- Name: radpostauth_id_seq; Type: SEQUENCE OWNED BY; Schema: public; Owner: postgres
--

ALTER SEQUENCE radpostauth_id_seq OWNED BY radpostauth.id;


--
-- TOC entry 181 (class 1259 OID 59725)
-- Name: radreply; Type: TABLE; Schema: public; Owner: postgres; Tablespace: 
--

CREATE TABLE radreply (
    id integer NOT NULL,
    username text DEFAULT ''::text NOT NULL,
    attribute text DEFAULT ''::text NOT NULL,
    op character varying(2) DEFAULT '='::character varying NOT NULL,
    value text DEFAULT ''::text NOT NULL
);


ALTER TABLE radreply OWNER TO postgres;

--
-- TOC entry 180 (class 1259 OID 59723)
-- Name: radreply_id_seq; Type: SEQUENCE; Schema: public; Owner: postgres
--

CREATE SEQUENCE radreply_id_seq
    START WITH 1
    INCREMENT BY 1
    NO MINVALUE
    NO MAXVALUE
    CACHE 1;


ALTER TABLE radreply_id_seq OWNER TO postgres;

--
-- TOC entry 2604 (class 0 OID 0)
-- Dependencies: 180
-- Name: radreply_id_seq; Type: SEQUENCE OWNED BY; Schema: public; Owner: postgres
--

ALTER SEQUENCE radreply_id_seq OWNED BY radreply.id;


--
-- TOC entry 183 (class 1259 OID 59741)
-- Name: radusergroup; Type: TABLE; Schema: public; Owner: postgres; Tablespace: 
--

CREATE TABLE radusergroup (
    id integer NOT NULL,
    username text DEFAULT ''::text NOT NULL,
    groupname text DEFAULT ''::text NOT NULL,
    priority integer DEFAULT 0 NOT NULL
);


ALTER TABLE radusergroup OWNER TO postgres;

--
-- TOC entry 182 (class 1259 OID 59739)
-- Name: radusergroup_id_seq; Type: SEQUENCE; Schema: public; Owner: postgres
--

CREATE SEQUENCE radusergroup_id_seq
    START WITH 1
    INCREMENT BY 1
    NO MINVALUE
    NO MAXVALUE
    CACHE 1;


ALTER TABLE radusergroup_id_seq OWNER TO postgres;

--
-- TOC entry 2605 (class 0 OID 0)
-- Dependencies: 182
-- Name: radusergroup_id_seq; Type: SEQUENCE OWNED BY; Schema: public; Owner: postgres
--

ALTER SEQUENCE radusergroup_id_seq OWNED BY radusergroup.id;


--
-- TOC entry 2345 (class 2604 OID 68481)
-- Name: id; Type: DEFAULT; Schema: public; Owner: radius
--

ALTER TABLE ONLY itm_boleto ALTER COLUMN id SET DEFAULT nextval('itm_boleto_id_seq'::regclass);


--
-- TOC entry 2346 (class 2604 OID 68497)
-- Name: id; Type: DEFAULT; Schema: public; Owner: radius
--

ALTER TABLE ONLY itm_boleto_lancamento ALTER COLUMN id SET DEFAULT nextval('itm_boleto_lancamento_id_seq'::regclass);


--
-- TOC entry 2329 (class 2604 OID 59785)
-- Name: id; Type: DEFAULT; Schema: public; Owner: radius
--

ALTER TABLE ONLY itm_cliente ALTER COLUMN id SET DEFAULT nextval('itm_cliente_id_seq'::regclass);


--
-- TOC entry 2335 (class 2604 OID 68349)
-- Name: id; Type: DEFAULT; Schema: public; Owner: radius
--

ALTER TABLE ONLY itm_conta_corrente ALTER COLUMN id SET DEFAULT nextval('itm_conta_corrente_id_seq'::regclass);


--
-- TOC entry 2337 (class 2604 OID 68381)
-- Name: id; Type: DEFAULT; Schema: public; Owner: radius
--

ALTER TABLE ONLY itm_contrato ALTER COLUMN id SET DEFAULT nextval('itm_contrato_id_seq'::regclass);


--
-- TOC entry 2347 (class 2604 OID 68636)
-- Name: id; Type: DEFAULT; Schema: public; Owner: radius
--

ALTER TABLE ONLY itm_contrato_autenticacao ALTER COLUMN id SET DEFAULT nextval('itm_contrato_autenticacao_id_seq'::regclass);


--
-- TOC entry 2342 (class 2604 OID 68438)
-- Name: id; Type: DEFAULT; Schema: public; Owner: radius
--

ALTER TABLE ONLY itm_contrato_equipamento ALTER COLUMN id SET DEFAULT nextval('itm_contrato_equipamento_id_seq'::regclass);


--
-- TOC entry 2340 (class 2604 OID 68419)
-- Name: id; Type: DEFAULT; Schema: public; Owner: radius
--

ALTER TABLE ONLY itm_contrato_grupo ALTER COLUMN id SET DEFAULT nextval('itm_contrato_grupo_id_seq'::regclass);


--
-- TOC entry 2344 (class 2604 OID 68460)
-- Name: id; Type: DEFAULT; Schema: public; Owner: radius
--

ALTER TABLE ONLY itm_contrato_lancamento ALTER COLUMN id SET DEFAULT nextval('itm_contrato_lancamento_id_seq'::regclass);


--
-- TOC entry 2339 (class 2604 OID 68397)
-- Name: id; Type: DEFAULT; Schema: public; Owner: radius
--

ALTER TABLE ONLY itm_contrato_produto ALTER COLUMN id SET DEFAULT nextval('itm_contrato_produto_id_seq'::regclass);


--
-- TOC entry 2332 (class 2604 OID 59815)
-- Name: id; Type: DEFAULT; Schema: public; Owner: radius
--

ALTER TABLE ONLY itm_equipamento ALTER COLUMN id SET DEFAULT nextval('itm_equipamento_id_seq'::regclass);


--
-- TOC entry 2331 (class 2604 OID 59796)
-- Name: id; Type: DEFAULT; Schema: public; Owner: radius
--

ALTER TABLE ONLY itm_grupo ALTER COLUMN id SET DEFAULT nextval('itm_grupo_id_seq'::regclass);


--
-- TOC entry 2336 (class 2604 OID 68365)
-- Name: id; Type: DEFAULT; Schema: public; Owner: radius
--

ALTER TABLE ONLY itm_grupo_parametro ALTER COLUMN id SET DEFAULT nextval('itm_grupo_parametro_id_seq'::regclass);


--
-- TOC entry 2334 (class 2604 OID 68338)
-- Name: id; Type: DEFAULT; Schema: public; Owner: radius
--

ALTER TABLE ONLY itm_parametro ALTER COLUMN id SET DEFAULT nextval('itm_parametro_id_seq'::regclass);


--
-- TOC entry 2333 (class 2604 OID 67865)
-- Name: id; Type: DEFAULT; Schema: public; Owner: radius
--

ALTER TABLE ONLY itm_produto ALTER COLUMN id SET DEFAULT nextval('itm_produto_id_seq'::regclass);


--
-- TOC entry 2327 (class 2604 OID 59771)
-- Name: id; Type: DEFAULT; Schema: public; Owner: postgres
--

ALTER TABLE ONLY nas ALTER COLUMN id SET DEFAULT nextval('nas_id_seq'::regclass);


--
-- TOC entry 2300 (class 2604 OID 59664)
-- Name: radacctid; Type: DEFAULT; Schema: public; Owner: postgres
--

ALTER TABLE ONLY radacct ALTER COLUMN radacctid SET DEFAULT nextval('radacct_radacctid_seq'::regclass);


--
-- TOC entry 2301 (class 2604 OID 59680)
-- Name: id; Type: DEFAULT; Schema: public; Owner: postgres
--

ALTER TABLE ONLY radcheck ALTER COLUMN id SET DEFAULT nextval('radcheck_id_seq'::regclass);


--
-- TOC entry 2306 (class 2604 OID 59696)
-- Name: id; Type: DEFAULT; Schema: public; Owner: postgres
--

ALTER TABLE ONLY radgroupcheck ALTER COLUMN id SET DEFAULT nextval('radgroupcheck_id_seq'::regclass);


--
-- TOC entry 2311 (class 2604 OID 59712)
-- Name: id; Type: DEFAULT; Schema: public; Owner: postgres
--

ALTER TABLE ONLY radgroupreply ALTER COLUMN id SET DEFAULT nextval('radgroupreply_id_seq'::regclass);


--
-- TOC entry 2325 (class 2604 OID 59759)
-- Name: id; Type: DEFAULT; Schema: public; Owner: postgres
--

ALTER TABLE ONLY radpostauth ALTER COLUMN id SET DEFAULT nextval('radpostauth_id_seq'::regclass);


--
-- TOC entry 2316 (class 2604 OID 59728)
-- Name: id; Type: DEFAULT; Schema: public; Owner: postgres
--

ALTER TABLE ONLY radreply ALTER COLUMN id SET DEFAULT nextval('radreply_id_seq'::regclass);


--
-- TOC entry 2321 (class 2604 OID 59744)
-- Name: id; Type: DEFAULT; Schema: public; Owner: postgres
--

ALTER TABLE ONLY radusergroup ALTER COLUMN id SET DEFAULT nextval('radusergroup_id_seq'::regclass);


--
-- TOC entry 2570 (class 0 OID 68478)
-- Dependencies: 213
-- Data for Name: itm_boleto; Type: TABLE DATA; Schema: public; Owner: radius
--

INSERT INTO itm_boleto (id, id_contrato, valor, data_vencimento, data_criacao, status) VALUES (6, 9, 40, '2018-01-01', '2017-03-29 16:23:05.459', 'ABERTO');
INSERT INTO itm_boleto (id, id_contrato, valor, data_vencimento, data_criacao, status) VALUES (9, 10, 223, '2018-02-01', '2017-03-29 16:55:21.509', 'ABERTO');


--
-- TOC entry 2606 (class 0 OID 0)
-- Dependencies: 212
-- Name: itm_boleto_id_seq; Type: SEQUENCE SET; Schema: public; Owner: radius
--

SELECT pg_catalog.setval('itm_boleto_id_seq', 9, true);


--
-- TOC entry 2572 (class 0 OID 68494)
-- Dependencies: 215
-- Data for Name: itm_boleto_lancamento; Type: TABLE DATA; Schema: public; Owner: radius
--

INSERT INTO itm_boleto_lancamento (id, id_lancamento, id_boleto) VALUES (8, 5, 6);
INSERT INTO itm_boleto_lancamento (id, id_lancamento, id_boleto) VALUES (11, 6, 9);


--
-- TOC entry 2607 (class 0 OID 0)
-- Dependencies: 214
-- Name: itm_boleto_lancamento_id_seq; Type: SEQUENCE SET; Schema: public; Owner: radius
--

SELECT pg_catalog.setval('itm_boleto_lancamento_id_seq', 11, true);


--
-- TOC entry 2546 (class 0 OID 59782)
-- Dependencies: 189
-- Data for Name: itm_cliente; Type: TABLE DATA; Schema: public; Owner: radius
--

INSERT INTO itm_cliente (id, nome, email, endereco, username, telefone_celular, telefone_fixo, cpf_cnpj, tipo_pessoa, cep, data_criacao, data_exclusao, bairro, numero_endereco, uf) VALUES (61, 'Evandro Paulo Neves Moura', NULL, 'Antonio Teixeira da Silva, 250', NULL, '61992988839', NULL, '31227393806', 'FISICA', '16400-623', '2017-03-29 16:22:30.905', NULL, NULL, NULL, 'SP');
INSERT INTO itm_cliente (id, nome, email, endereco, username, telefone_celular, telefone_fixo, cpf_cnpj, tipo_pessoa, cep, data_criacao, data_exclusao, bairro, numero_endereco, uf) VALUES (62, 'Josinaldo Gomes', NULL, 'SCIA 15', NULL, '61982251415', NULL, '98328204134', 'FISICA', '70610-480', '2017-03-29 17:14:08.416', NULL, NULL, NULL, 'DF');


--
-- TOC entry 2608 (class 0 OID 0)
-- Dependencies: 188
-- Name: itm_cliente_id_seq; Type: SEQUENCE SET; Schema: public; Owner: radius
--

SELECT pg_catalog.setval('itm_cliente_id_seq', 62, true);


--
-- TOC entry 2556 (class 0 OID 68346)
-- Dependencies: 199
-- Data for Name: itm_conta_corrente; Type: TABLE DATA; Schema: public; Owner: radius
--

INSERT INTO itm_conta_corrente (id, nome, banco, numero_conta_corrente, numero_agencia, numero_carteira, nosso_numero, digito_nosso_numero, digito_conta_corrente) VALUES (1, 'Bradesco - Itrix', 'BANCO_BRADESCO', '123456', '1234', '30', '99345678912', '5', '0');
INSERT INTO itm_conta_corrente (id, nome, banco, numero_conta_corrente, numero_agencia, numero_carteira, nosso_numero, digito_nosso_numero, digito_conta_corrente) VALUES (2, 'Banco do Brasil', 'BANCO_DO_BRASIL', '123456', '1234', '30', '99345678912', '5', '0');


--
-- TOC entry 2609 (class 0 OID 0)
-- Dependencies: 198
-- Name: itm_conta_corrente_id_seq; Type: SEQUENCE SET; Schema: public; Owner: radius
--

SELECT pg_catalog.setval('itm_conta_corrente_id_seq', 2, true);


--
-- TOC entry 2560 (class 0 OID 68378)
-- Dependencies: 203
-- Data for Name: itm_contrato; Type: TABLE DATA; Schema: public; Owner: radius
--

INSERT INTO itm_contrato (id, id_cliente, identificador, id_conta_corrente, gera_boleto, dia_mes_vencimento, data_criacao, data_exclusao) VALUES (9, 61, 'CONTRATO_01', 1, true, 5, '2017-03-29 16:22:30.929', NULL);
INSERT INTO itm_contrato (id, id_cliente, identificador, id_conta_corrente, gera_boleto, dia_mes_vencimento, data_criacao, data_exclusao) VALUES (10, 61, 'CONTRATO_02', 1, true, 2, '2017-03-29 16:24:16.166', NULL);
INSERT INTO itm_contrato (id, id_cliente, identificador, id_conta_corrente, gera_boleto, dia_mes_vencimento, data_criacao, data_exclusao) VALUES (11, 62, 'CONTRATO_03', 1, true, 3, '2017-03-29 17:14:08.432', NULL);
INSERT INTO itm_contrato (id, id_cliente, identificador, id_conta_corrente, gera_boleto, dia_mes_vencimento, data_criacao, data_exclusao) VALUES (12, 62, 'CONTRATO_04', 1, true, 2, '2017-03-29 17:15:46.508', NULL);


--
-- TOC entry 2574 (class 0 OID 68633)
-- Dependencies: 217
-- Data for Name: itm_contrato_autenticacao; Type: TABLE DATA; Schema: public; Owner: radius
--



--
-- TOC entry 2610 (class 0 OID 0)
-- Dependencies: 216
-- Name: itm_contrato_autenticacao_id_seq; Type: SEQUENCE SET; Schema: public; Owner: radius
--

SELECT pg_catalog.setval('itm_contrato_autenticacao_id_seq', 1, false);


--
-- TOC entry 2566 (class 0 OID 68435)
-- Dependencies: 209
-- Data for Name: itm_contrato_equipamento; Type: TABLE DATA; Schema: public; Owner: radius
--

INSERT INTO itm_contrato_equipamento (id, id_contrato, id_equipamento, data_criacao, data_exclusao, numero_serie) VALUES (3, 9, 1, '2017-03-29 16:22:35.489', NULL, '123');
INSERT INTO itm_contrato_equipamento (id, id_contrato, id_equipamento, data_criacao, data_exclusao, numero_serie) VALUES (4, 10, 1, '2017-03-29 16:24:19.306', NULL, '2234');


--
-- TOC entry 2611 (class 0 OID 0)
-- Dependencies: 208
-- Name: itm_contrato_equipamento_id_seq; Type: SEQUENCE SET; Schema: public; Owner: radius
--

SELECT pg_catalog.setval('itm_contrato_equipamento_id_seq', 4, true);


--
-- TOC entry 2564 (class 0 OID 68416)
-- Dependencies: 207
-- Data for Name: itm_contrato_grupo; Type: TABLE DATA; Schema: public; Owner: radius
--

INSERT INTO itm_contrato_grupo (id, id_contrato, id_grupo, data_criacao, data_exclusao) VALUES (3, 9, 1, '2017-03-29 16:22:38.796', NULL);
INSERT INTO itm_contrato_grupo (id, id_contrato, id_grupo, data_criacao, data_exclusao) VALUES (4, 10, 1, '2017-03-29 16:24:22.524', NULL);


--
-- TOC entry 2612 (class 0 OID 0)
-- Dependencies: 206
-- Name: itm_contrato_grupo_id_seq; Type: SEQUENCE SET; Schema: public; Owner: radius
--

SELECT pg_catalog.setval('itm_contrato_grupo_id_seq', 4, true);


--
-- TOC entry 2613 (class 0 OID 0)
-- Dependencies: 202
-- Name: itm_contrato_id_seq; Type: SEQUENCE SET; Schema: public; Owner: radius
--

SELECT pg_catalog.setval('itm_contrato_id_seq', 12, true);


--
-- TOC entry 2568 (class 0 OID 68457)
-- Dependencies: 211
-- Data for Name: itm_contrato_lancamento; Type: TABLE DATA; Schema: public; Owner: radius
--

INSERT INTO itm_contrato_lancamento (id, id_contrato, tipo_lancamento, valor, data_lancamento, status, descricao) VALUES (5, 9, 'DEBITO', 40, '2017-03-29 16:22:58.666', 'PENDENTE', 'Instalação');
INSERT INTO itm_contrato_lancamento (id, id_contrato, tipo_lancamento, valor, data_lancamento, status, descricao) VALUES (6, 10, 'DEBITO', 223, '2017-03-29 16:55:03.556', 'PENDENTE', 'Instalação');


--
-- TOC entry 2614 (class 0 OID 0)
-- Dependencies: 210
-- Name: itm_contrato_lancamento_id_seq; Type: SEQUENCE SET; Schema: public; Owner: radius
--

SELECT pg_catalog.setval('itm_contrato_lancamento_id_seq', 6, true);


--
-- TOC entry 2562 (class 0 OID 68394)
-- Dependencies: 205
-- Data for Name: itm_contrato_produto; Type: TABLE DATA; Schema: public; Owner: radius
--

INSERT INTO itm_contrato_produto (id, id_contrato, id_produto, valor, valor_base, data_criacao, data_exclusao, data_inicio, data_fim) VALUES (3, 9, 1, 10, 10, '2017-03-29 16:22:33.493', NULL, '2017-03-28 21:00:00', '2018-03-28 21:00:00');
INSERT INTO itm_contrato_produto (id, id_contrato, id_produto, valor, valor_base, data_criacao, data_exclusao, data_inicio, data_fim) VALUES (4, 10, 1, 10, 10, '2017-03-29 16:24:17.889', NULL, '2017-03-28 21:00:00', '2018-03-28 21:00:00');


--
-- TOC entry 2615 (class 0 OID 0)
-- Dependencies: 204
-- Name: itm_contrato_produto_id_seq; Type: SEQUENCE SET; Schema: public; Owner: radius
--

SELECT pg_catalog.setval('itm_contrato_produto_id_seq', 4, true);


--
-- TOC entry 2550 (class 0 OID 59812)
-- Dependencies: 193
-- Data for Name: itm_equipamento; Type: TABLE DATA; Schema: public; Owner: radius
--

INSERT INTO itm_equipamento (id, nome) VALUES (1, 'Modem TP-LINK 861');
INSERT INTO itm_equipamento (id, nome) VALUES (2, 'Roteador TP-LINK 150M');


--
-- TOC entry 2616 (class 0 OID 0)
-- Dependencies: 192
-- Name: itm_equipamento_id_seq; Type: SEQUENCE SET; Schema: public; Owner: radius
--

SELECT pg_catalog.setval('itm_equipamento_id_seq', 2, true);


--
-- TOC entry 2548 (class 0 OID 59793)
-- Dependencies: 191
-- Data for Name: itm_grupo; Type: TABLE DATA; Schema: public; Owner: radius
--

INSERT INTO itm_grupo (id, nome) VALUES (1, 'RealPanoramic');
INSERT INTO itm_grupo (id, nome) VALUES (2, 'PacoLinea');


--
-- TOC entry 2617 (class 0 OID 0)
-- Dependencies: 190
-- Name: itm_grupo_id_seq; Type: SEQUENCE SET; Schema: public; Owner: radius
--

SELECT pg_catalog.setval('itm_grupo_id_seq', 2, true);


--
-- TOC entry 2558 (class 0 OID 68362)
-- Dependencies: 201
-- Data for Name: itm_grupo_parametro; Type: TABLE DATA; Schema: public; Owner: radius
--

INSERT INTO itm_grupo_parametro (id, id_grupo, propriedade, operador, valor) VALUES (1, 1, 'limit', ':=', '1');
INSERT INTO itm_grupo_parametro (id, id_grupo, propriedade, operador, valor) VALUES (2, 1, 'simultaneos-use', ':=', '2');


--
-- TOC entry 2618 (class 0 OID 0)
-- Dependencies: 200
-- Name: itm_grupo_parametro_id_seq; Type: SEQUENCE SET; Schema: public; Owner: radius
--

SELECT pg_catalog.setval('itm_grupo_parametro_id_seq', 2, true);


--
-- TOC entry 2554 (class 0 OID 68335)
-- Dependencies: 197
-- Data for Name: itm_parametro; Type: TABLE DATA; Schema: public; Owner: radius
--

INSERT INTO itm_parametro (id, nome_empresa, cnpj) VALUES (1, 'iTrix Tecnologia Internet', '13699339000170');


--
-- TOC entry 2619 (class 0 OID 0)
-- Dependencies: 196
-- Name: itm_parametro_id_seq; Type: SEQUENCE SET; Schema: public; Owner: radius
--

SELECT pg_catalog.setval('itm_parametro_id_seq', 1, true);


--
-- TOC entry 2552 (class 0 OID 67862)
-- Dependencies: 195
-- Data for Name: itm_produto; Type: TABLE DATA; Schema: public; Owner: radius
--

INSERT INTO itm_produto (id, nome, data_inicio, data_fim, valor, tipo) VALUES (1, 'Internet 3mb', '2017-02-23 17:47:56.270766', NULL, 10, NULL);
INSERT INTO itm_produto (id, nome, data_inicio, data_fim, valor, tipo) VALUES (2, 'Internet 30mb', '2017-02-23 17:47:56.270766', NULL, 23, NULL);


--
-- TOC entry 2620 (class 0 OID 0)
-- Dependencies: 194
-- Name: itm_produto_id_seq; Type: SEQUENCE SET; Schema: public; Owner: radius
--

SELECT pg_catalog.setval('itm_produto_id_seq', 2, true);


--
-- TOC entry 2544 (class 0 OID 59768)
-- Dependencies: 187
-- Data for Name: nas; Type: TABLE DATA; Schema: public; Owner: postgres
--



--
-- TOC entry 2621 (class 0 OID 0)
-- Dependencies: 186
-- Name: nas_id_seq; Type: SEQUENCE SET; Schema: public; Owner: postgres
--

SELECT pg_catalog.setval('nas_id_seq', 1, false);


--
-- TOC entry 2530 (class 0 OID 59661)
-- Dependencies: 173
-- Data for Name: radacct; Type: TABLE DATA; Schema: public; Owner: postgres
--



--
-- TOC entry 2622 (class 0 OID 0)
-- Dependencies: 172
-- Name: radacct_radacctid_seq; Type: SEQUENCE SET; Schema: public; Owner: postgres
--

SELECT pg_catalog.setval('radacct_radacctid_seq', 1, false);


--
-- TOC entry 2532 (class 0 OID 59677)
-- Dependencies: 175
-- Data for Name: radcheck; Type: TABLE DATA; Schema: public; Owner: postgres
--



--
-- TOC entry 2623 (class 0 OID 0)
-- Dependencies: 174
-- Name: radcheck_id_seq; Type: SEQUENCE SET; Schema: public; Owner: postgres
--

SELECT pg_catalog.setval('radcheck_id_seq', 1, false);


--
-- TOC entry 2534 (class 0 OID 59693)
-- Dependencies: 177
-- Data for Name: radgroupcheck; Type: TABLE DATA; Schema: public; Owner: postgres
--



--
-- TOC entry 2624 (class 0 OID 0)
-- Dependencies: 176
-- Name: radgroupcheck_id_seq; Type: SEQUENCE SET; Schema: public; Owner: postgres
--

SELECT pg_catalog.setval('radgroupcheck_id_seq', 1, false);


--
-- TOC entry 2536 (class 0 OID 59709)
-- Dependencies: 179
-- Data for Name: radgroupreply; Type: TABLE DATA; Schema: public; Owner: postgres
--



--
-- TOC entry 2625 (class 0 OID 0)
-- Dependencies: 178
-- Name: radgroupreply_id_seq; Type: SEQUENCE SET; Schema: public; Owner: postgres
--

SELECT pg_catalog.setval('radgroupreply_id_seq', 1, false);


--
-- TOC entry 2542 (class 0 OID 59756)
-- Dependencies: 185
-- Data for Name: radpostauth; Type: TABLE DATA; Schema: public; Owner: postgres
--



--
-- TOC entry 2626 (class 0 OID 0)
-- Dependencies: 184
-- Name: radpostauth_id_seq; Type: SEQUENCE SET; Schema: public; Owner: postgres
--

SELECT pg_catalog.setval('radpostauth_id_seq', 1, false);


--
-- TOC entry 2538 (class 0 OID 59725)
-- Dependencies: 181
-- Data for Name: radreply; Type: TABLE DATA; Schema: public; Owner: postgres
--



--
-- TOC entry 2627 (class 0 OID 0)
-- Dependencies: 180
-- Name: radreply_id_seq; Type: SEQUENCE SET; Schema: public; Owner: postgres
--

SELECT pg_catalog.setval('radreply_id_seq', 1, false);


--
-- TOC entry 2540 (class 0 OID 59741)
-- Dependencies: 183
-- Data for Name: radusergroup; Type: TABLE DATA; Schema: public; Owner: postgres
--



--
-- TOC entry 2628 (class 0 OID 0)
-- Dependencies: 182
-- Name: radusergroup_id_seq; Type: SEQUENCE SET; Schema: public; Owner: postgres
--

SELECT pg_catalog.setval('radusergroup_id_seq', 1, false);


--
-- TOC entry 2401 (class 2606 OID 68486)
-- Name: itm_pk_boleto; Type: CONSTRAINT; Schema: public; Owner: radius; Tablespace: 
--

ALTER TABLE ONLY itm_boleto
    ADD CONSTRAINT itm_pk_boleto PRIMARY KEY (id);


--
-- TOC entry 2403 (class 2606 OID 68499)
-- Name: itm_pk_boleto_lancamento; Type: CONSTRAINT; Schema: public; Owner: radius; Tablespace: 
--

ALTER TABLE ONLY itm_boleto_lancamento
    ADD CONSTRAINT itm_pk_boleto_lancamento PRIMARY KEY (id);


--
-- TOC entry 2377 (class 2606 OID 59790)
-- Name: itm_pk_cliente; Type: CONSTRAINT; Schema: public; Owner: radius; Tablespace: 
--

ALTER TABLE ONLY itm_cliente
    ADD CONSTRAINT itm_pk_cliente PRIMARY KEY (id);


--
-- TOC entry 2387 (class 2606 OID 68354)
-- Name: itm_pk_conta_corrente; Type: CONSTRAINT; Schema: public; Owner: radius; Tablespace: 
--

ALTER TABLE ONLY itm_conta_corrente
    ADD CONSTRAINT itm_pk_conta_corrente PRIMARY KEY (id);


--
-- TOC entry 2391 (class 2606 OID 68386)
-- Name: itm_pk_contrato; Type: CONSTRAINT; Schema: public; Owner: radius; Tablespace: 
--

ALTER TABLE ONLY itm_contrato
    ADD CONSTRAINT itm_pk_contrato PRIMARY KEY (id);


--
-- TOC entry 2405 (class 2606 OID 68641)
-- Name: itm_pk_contrato_autenticacao; Type: CONSTRAINT; Schema: public; Owner: radius; Tablespace: 
--

ALTER TABLE ONLY itm_contrato_autenticacao
    ADD CONSTRAINT itm_pk_contrato_autenticacao PRIMARY KEY (id);


--
-- TOC entry 2397 (class 2606 OID 68444)
-- Name: itm_pk_contrato_equipamento; Type: CONSTRAINT; Schema: public; Owner: radius; Tablespace: 
--

ALTER TABLE ONLY itm_contrato_equipamento
    ADD CONSTRAINT itm_pk_contrato_equipamento PRIMARY KEY (id);


--
-- TOC entry 2395 (class 2606 OID 68422)
-- Name: itm_pk_contrato_grupo; Type: CONSTRAINT; Schema: public; Owner: radius; Tablespace: 
--

ALTER TABLE ONLY itm_contrato_grupo
    ADD CONSTRAINT itm_pk_contrato_grupo PRIMARY KEY (id);


--
-- TOC entry 2399 (class 2606 OID 68465)
-- Name: itm_pk_contrato_lancamento; Type: CONSTRAINT; Schema: public; Owner: radius; Tablespace: 
--

ALTER TABLE ONLY itm_contrato_lancamento
    ADD CONSTRAINT itm_pk_contrato_lancamento PRIMARY KEY (id);


--
-- TOC entry 2393 (class 2606 OID 68402)
-- Name: itm_pk_contrato_produto; Type: CONSTRAINT; Schema: public; Owner: radius; Tablespace: 
--

ALTER TABLE ONLY itm_contrato_produto
    ADD CONSTRAINT itm_pk_contrato_produto PRIMARY KEY (id);


--
-- TOC entry 2381 (class 2606 OID 59820)
-- Name: itm_pk_equipamento; Type: CONSTRAINT; Schema: public; Owner: radius; Tablespace: 
--

ALTER TABLE ONLY itm_equipamento
    ADD CONSTRAINT itm_pk_equipamento PRIMARY KEY (id);


--
-- TOC entry 2379 (class 2606 OID 59801)
-- Name: itm_pk_grupo; Type: CONSTRAINT; Schema: public; Owner: radius; Tablespace: 
--

ALTER TABLE ONLY itm_grupo
    ADD CONSTRAINT itm_pk_grupo PRIMARY KEY (id);


--
-- TOC entry 2389 (class 2606 OID 68370)
-- Name: itm_pk_grupo_parametro; Type: CONSTRAINT; Schema: public; Owner: radius; Tablespace: 
--

ALTER TABLE ONLY itm_grupo_parametro
    ADD CONSTRAINT itm_pk_grupo_parametro PRIMARY KEY (id);


--
-- TOC entry 2385 (class 2606 OID 68343)
-- Name: itm_pk_parametro; Type: CONSTRAINT; Schema: public; Owner: radius; Tablespace: 
--

ALTER TABLE ONLY itm_parametro
    ADD CONSTRAINT itm_pk_parametro PRIMARY KEY (id);


--
-- TOC entry 2383 (class 2606 OID 67870)
-- Name: itm_pk_produto; Type: CONSTRAINT; Schema: public; Owner: radius; Tablespace: 
--

ALTER TABLE ONLY itm_produto
    ADD CONSTRAINT itm_pk_produto PRIMARY KEY (id);


--
-- TOC entry 2375 (class 2606 OID 59777)
-- Name: nas_pkey; Type: CONSTRAINT; Schema: public; Owner: postgres; Tablespace: 
--

ALTER TABLE ONLY nas
    ADD CONSTRAINT nas_pkey PRIMARY KEY (id);


--
-- TOC entry 2350 (class 2606 OID 59671)
-- Name: radacct_acctuniqueid_key; Type: CONSTRAINT; Schema: public; Owner: postgres; Tablespace: 
--

ALTER TABLE ONLY radacct
    ADD CONSTRAINT radacct_acctuniqueid_key UNIQUE (acctuniqueid);


--
-- TOC entry 2354 (class 2606 OID 59669)
-- Name: radacct_pkey; Type: CONSTRAINT; Schema: public; Owner: postgres; Tablespace: 
--

ALTER TABLE ONLY radacct
    ADD CONSTRAINT radacct_pkey PRIMARY KEY (radacctid);


--
-- TOC entry 2357 (class 2606 OID 59689)
-- Name: radcheck_pkey; Type: CONSTRAINT; Schema: public; Owner: postgres; Tablespace: 
--

ALTER TABLE ONLY radcheck
    ADD CONSTRAINT radcheck_pkey PRIMARY KEY (id);


--
-- TOC entry 2361 (class 2606 OID 59705)
-- Name: radgroupcheck_pkey; Type: CONSTRAINT; Schema: public; Owner: postgres; Tablespace: 
--

ALTER TABLE ONLY radgroupcheck
    ADD CONSTRAINT radgroupcheck_pkey PRIMARY KEY (id);


--
-- TOC entry 2364 (class 2606 OID 59721)
-- Name: radgroupreply_pkey; Type: CONSTRAINT; Schema: public; Owner: postgres; Tablespace: 
--

ALTER TABLE ONLY radgroupreply
    ADD CONSTRAINT radgroupreply_pkey PRIMARY KEY (id);


--
-- TOC entry 2372 (class 2606 OID 59765)
-- Name: radpostauth_pkey; Type: CONSTRAINT; Schema: public; Owner: postgres; Tablespace: 
--

ALTER TABLE ONLY radpostauth
    ADD CONSTRAINT radpostauth_pkey PRIMARY KEY (id);


--
-- TOC entry 2366 (class 2606 OID 59737)
-- Name: radreply_pkey; Type: CONSTRAINT; Schema: public; Owner: postgres; Tablespace: 
--

ALTER TABLE ONLY radreply
    ADD CONSTRAINT radreply_pkey PRIMARY KEY (id);


--
-- TOC entry 2369 (class 2606 OID 59752)
-- Name: radusergroup_pkey; Type: CONSTRAINT; Schema: public; Owner: postgres; Tablespace: 
--

ALTER TABLE ONLY radusergroup
    ADD CONSTRAINT radusergroup_pkey PRIMARY KEY (id);


--
-- TOC entry 2373 (class 1259 OID 59778)
-- Name: nas_nasname; Type: INDEX; Schema: public; Owner: postgres; Tablespace: 
--

CREATE INDEX nas_nasname ON nas USING btree (nasname);


--
-- TOC entry 2351 (class 1259 OID 59672)
-- Name: radacct_active_session_idx; Type: INDEX; Schema: public; Owner: postgres; Tablespace: 
--

CREATE INDEX radacct_active_session_idx ON radacct USING btree (acctuniqueid) WHERE (acctstoptime IS NULL);


--
-- TOC entry 2352 (class 1259 OID 59673)
-- Name: radacct_bulk_close; Type: INDEX; Schema: public; Owner: postgres; Tablespace: 
--

CREATE INDEX radacct_bulk_close ON radacct USING btree (nasipaddress, acctstarttime) WHERE (acctstoptime IS NULL);


--
-- TOC entry 2355 (class 1259 OID 59674)
-- Name: radacct_start_user_idx; Type: INDEX; Schema: public; Owner: postgres; Tablespace: 
--

CREATE INDEX radacct_start_user_idx ON radacct USING btree (acctstarttime, username);


--
-- TOC entry 2358 (class 1259 OID 59690)
-- Name: radcheck_username; Type: INDEX; Schema: public; Owner: postgres; Tablespace: 
--

CREATE INDEX radcheck_username ON radcheck USING btree (username, attribute);


--
-- TOC entry 2359 (class 1259 OID 59706)
-- Name: radgroupcheck_groupname; Type: INDEX; Schema: public; Owner: postgres; Tablespace: 
--

CREATE INDEX radgroupcheck_groupname ON radgroupcheck USING btree (groupname, attribute);


--
-- TOC entry 2362 (class 1259 OID 59722)
-- Name: radgroupreply_groupname; Type: INDEX; Schema: public; Owner: postgres; Tablespace: 
--

CREATE INDEX radgroupreply_groupname ON radgroupreply USING btree (groupname, attribute);


--
-- TOC entry 2367 (class 1259 OID 59738)
-- Name: radreply_username; Type: INDEX; Schema: public; Owner: postgres; Tablespace: 
--

CREATE INDEX radreply_username ON radreply USING btree (username, attribute);


--
-- TOC entry 2370 (class 1259 OID 59753)
-- Name: radusergroup_username; Type: INDEX; Schema: public; Owner: postgres; Tablespace: 
--

CREATE INDEX radusergroup_username ON radusergroup USING btree (username);


--
-- TOC entry 2416 (class 2606 OID 68487)
-- Name: itm_fk_boleto_contrato; Type: FK CONSTRAINT; Schema: public; Owner: radius
--

ALTER TABLE ONLY itm_boleto
    ADD CONSTRAINT itm_fk_boleto_contrato FOREIGN KEY (id_contrato) REFERENCES itm_contrato(id);


--
-- TOC entry 2417 (class 2606 OID 68500)
-- Name: itm_fk_boleto_lancamento_boleto; Type: FK CONSTRAINT; Schema: public; Owner: radius
--

ALTER TABLE ONLY itm_boleto_lancamento
    ADD CONSTRAINT itm_fk_boleto_lancamento_boleto FOREIGN KEY (id_boleto) REFERENCES itm_boleto(id);


--
-- TOC entry 2418 (class 2606 OID 68505)
-- Name: itm_fk_boleto_lancamento_lancamento; Type: FK CONSTRAINT; Schema: public; Owner: radius
--

ALTER TABLE ONLY itm_boleto_lancamento
    ADD CONSTRAINT itm_fk_boleto_lancamento_lancamento FOREIGN KEY (id_lancamento) REFERENCES itm_contrato_lancamento(id);


--
-- TOC entry 2419 (class 2606 OID 68642)
-- Name: itm_fk_contrato_autenticacao_contrato; Type: FK CONSTRAINT; Schema: public; Owner: radius
--

ALTER TABLE ONLY itm_contrato_autenticacao
    ADD CONSTRAINT itm_fk_contrato_autenticacao_contrato FOREIGN KEY (id_contrato) REFERENCES itm_contrato(id);


--
-- TOC entry 2407 (class 2606 OID 68387)
-- Name: itm_fk_contrato_cliente; Type: FK CONSTRAINT; Schema: public; Owner: radius
--

ALTER TABLE ONLY itm_contrato
    ADD CONSTRAINT itm_fk_contrato_cliente FOREIGN KEY (id_cliente) REFERENCES itm_cliente(id);


--
-- TOC entry 2408 (class 2606 OID 68471)
-- Name: itm_fk_contrato_conta_corrente; Type: FK CONSTRAINT; Schema: public; Owner: radius
--

ALTER TABLE ONLY itm_contrato
    ADD CONSTRAINT itm_fk_contrato_conta_corrente FOREIGN KEY (id_conta_corrente) REFERENCES itm_conta_corrente(id);


--
-- TOC entry 2413 (class 2606 OID 68445)
-- Name: itm_fk_contrato_equipamento_contrato; Type: FK CONSTRAINT; Schema: public; Owner: radius
--

ALTER TABLE ONLY itm_contrato_equipamento
    ADD CONSTRAINT itm_fk_contrato_equipamento_contrato FOREIGN KEY (id_contrato) REFERENCES itm_contrato(id);


--
-- TOC entry 2414 (class 2606 OID 68450)
-- Name: itm_fk_contrato_equipamento_equipamento; Type: FK CONSTRAINT; Schema: public; Owner: radius
--

ALTER TABLE ONLY itm_contrato_equipamento
    ADD CONSTRAINT itm_fk_contrato_equipamento_equipamento FOREIGN KEY (id_equipamento) REFERENCES itm_equipamento(id);


--
-- TOC entry 2411 (class 2606 OID 68423)
-- Name: itm_fk_contrato_grupo_contrato; Type: FK CONSTRAINT; Schema: public; Owner: radius
--

ALTER TABLE ONLY itm_contrato_grupo
    ADD CONSTRAINT itm_fk_contrato_grupo_contrato FOREIGN KEY (id_contrato) REFERENCES itm_contrato(id);


--
-- TOC entry 2412 (class 2606 OID 68428)
-- Name: itm_fk_contrato_grupo_grupo; Type: FK CONSTRAINT; Schema: public; Owner: radius
--

ALTER TABLE ONLY itm_contrato_grupo
    ADD CONSTRAINT itm_fk_contrato_grupo_grupo FOREIGN KEY (id_grupo) REFERENCES itm_grupo(id);


--
-- TOC entry 2415 (class 2606 OID 68466)
-- Name: itm_fk_contrato_lancamento_contrato; Type: FK CONSTRAINT; Schema: public; Owner: radius
--

ALTER TABLE ONLY itm_contrato_lancamento
    ADD CONSTRAINT itm_fk_contrato_lancamento_contrato FOREIGN KEY (id_contrato) REFERENCES itm_contrato(id);


--
-- TOC entry 2409 (class 2606 OID 68403)
-- Name: itm_fk_contrato_produto_contrato; Type: FK CONSTRAINT; Schema: public; Owner: radius
--

ALTER TABLE ONLY itm_contrato_produto
    ADD CONSTRAINT itm_fk_contrato_produto_contrato FOREIGN KEY (id_contrato) REFERENCES itm_contrato(id);


--
-- TOC entry 2410 (class 2606 OID 68408)
-- Name: itm_fk_contrato_produto_produto; Type: FK CONSTRAINT; Schema: public; Owner: radius
--

ALTER TABLE ONLY itm_contrato_produto
    ADD CONSTRAINT itm_fk_contrato_produto_produto FOREIGN KEY (id_produto) REFERENCES itm_produto(id);


--
-- TOC entry 2406 (class 2606 OID 68371)
-- Name: itm_fk_grupo_parametro_grupo; Type: FK CONSTRAINT; Schema: public; Owner: radius
--

ALTER TABLE ONLY itm_grupo_parametro
    ADD CONSTRAINT itm_fk_grupo_parametro_grupo FOREIGN KEY (id_grupo) REFERENCES itm_grupo(id);


--
-- TOC entry 2581 (class 0 OID 0)
-- Dependencies: 6
-- Name: public; Type: ACL; Schema: -; Owner: postgres
--

REVOKE ALL ON SCHEMA public FROM PUBLIC;
REVOKE ALL ON SCHEMA public FROM postgres;
GRANT ALL ON SCHEMA public TO postgres;
GRANT ALL ON SCHEMA public TO PUBLIC;


-- Completed on 2017-03-29 17:22:08 BRT

--
-- PostgreSQL database dump complete
--

